{
  "project_info": {
    "project_number": "1018337338572",
    "firebase_url": "https://shovellawnconnect-70356.firebaseio.com",
    "project_id": "shovellawnconnect-70356",
    "storage_bucket": "shovellawnconnect-70356.appspot.com"
  },
  "client": [
    {
      "client_info": {
        "mobilesdk_app_id": "1:1018337338572:android:59620ed3a305c09b",
        "android_client_info": {
          "package_name": "com.example.edavi019.loginpage"
        }
      },
      "oauth_client": [
        {
          "client_id": "1018337338572-g2teoqe5uu27071hmlr137oqr43fma0e.apps.googleusercontent.com",
          "client_type": 1,
          "android_info": {
            "package_name": "com.example.edavi019.loginpage",
            "certificate_hash": "5d40dc071b54f34b79df67afb966e317e436c4bd"
          }
        },
        {
          "client_id": "1018337338572-cr481rj39p36j880o5376f6954diekfq.apps.googleusercontent.com",
          "client_type": 3
        }
      ],
      "api_key": [
        {
          "current_key": "AIzaSyB4XlVIQZN7Y6RyFBr-W1qRGpVXgSl-fds"
        }
      ],
      "services": {
        "analytics_service": {
          "status": 1
        },
        "appinvite_service": {
          "status": 2,
          "other_platform_oauth_client": [
            {
              "client_id": "1018337338572-cr481rj39p36j880o5376f6954diekfq.apps.googleusercontent.com",
              "client_type": 3
            }
          ]
        },
        "ads_service": {
          "status": 2
        }
      }
    }
  ],
  "configuration_version": "1"
}